clip_id,label,split,source_file,source_start_sec,duration_sec,sr,channel,rms_db,peak_db,dr_db,snr_vs_ambient_db,active_frac,quality,notes
elephant_000,Elephant,test,audio_cache/elephant_samples_new/Roar01.wav,1.184,1.0,16000,mono,-11.6,-0.41,7.16,33.9,0.01,3,
elephant_001,Elephant,train,audio_cache/elephant_samples_new/Roar03.wav,1.676,1.0,16000,mono,-8.13,-0.18,4.48,37.37,0.0,3,
elephant_002,Elephant,train,audio_cache/elephant_samples_new/Roar04.wav,1.062,1.0,16000,mono,-13.36,-9.44,1.75,32.14,0.0,3,
elephant_003,Elephant,train,audio_cache/elephant_samples_new/Roar05.wav,1.311,1.0,16000,mono,-12.79,-2.04,5.37,32.71,0.0,3,
elephant_004,Elephant,train,audio_cache/elephant_samples_new/Roar06.wav,1.16,1.0,16000,mono,-11.86,-2.03,3.87,33.64,0.0,3,
elephant_005,Elephant,test,audio_cache/elephant_samples_new/Roar08.wav,1.939,1.0,16000,mono,-12.48,-4.36,3.36,33.02,0.0,3,
elephant_006,Elephant,train,audio_cache/elephant_samples_new/Roar09.wav,1.045,1.0,16000,mono,-16.85,-8.82,10.45,28.65,0.153,3,
elephant_007,Elephant,train,audio_cache/elephant_samples_new/Roar100.wav,1.058,1.0,16000,mono,-24.82,-14.43,4.74,20.68,0.0,2,
elephant_008,Elephant,test,audio_cache/elephant_samples_new/Roar101.wav,1.043,1.0,16000,mono,-20.69,-11.41,5.15,24.81,0.0,2,
elephant_009,Elephant,train,audio_cache/elephant_samples_new/Roar102.wav,1.248,1.0,16000,mono,-12.28,-2.26,3.85,33.22,0.0,3,
elephant_010,Elephant,train,audio_cache/elephant_samples_new/Roar103.wav,0.857,1.0,16000,mono,-12.98,-1.42,5.83,32.52,0.0,3,
elephant_011,Elephant,train,audio_cache/elephant_samples_new/Roar104.wav,2.914,1.0,16000,mono,-16.72,-7.48,3.44,28.78,0.0,3,
elephant_012,Elephant,test,audio_cache/elephant_samples_new/Roar105.wav,0.774,1.0,16000,mono,-38.06,-23.56,6.69,7.44,0.0,1,
elephant_013,Elephant,train,audio_cache/elephant_samples_new/Roar11.wav,0.372,1.0,16000,mono,-9.95,-0.38,13.51,35.55,0.327,3,
elephant_014,Elephant,train,audio_cache/elephant_samples_new/Roar12.wav,3.811,1.0,16000,mono,-16.43,-7.48,3.34,29.07,0.0,3,
elephant_015,Elephant,test,audio_cache/elephant_samples_new/Roar13.wav,2.794,1.0,16000,mono,-16.1,-0.55,15.83,29.4,0.316,3,
elephant_016,Elephant,train,audio_cache/elephant_samples_new/Roar14.wav,2.332,1.0,16000,mono,-7.17,-0.02,18.01,38.33,0.531,3,
elephant_017,Elephant,train,audio_cache/elephant_samples_new/Roar15.wav,0.976,1.0,16000,mono,-5.48,0.18,13.82,40.02,0.561,3,
elephant_018,Elephant,train,audio_cache/elephant_samples_new/Roar17.wav,3.849,1.0,16000,mono,-37.55,-19.86,8.34,7.95,0.041,1,
elephant_019,Elephant,test,audio_cache/elephant_samples_new/Roar18.wav,0.0,1.0,16000,mono,-32.61,-14.3,27.26,12.89,0.337,2,
elephant_020,Elephant,train,audio_cache/elephant_samples_new/Roar19.wav,5.0,1.0,16000,mono,-27.86,-13.92,33.98,17.64,0.398,2,
elephant_021,Elephant,train,audio_cache/elephant_samples_new/Roar20.wav,1.436,1.0,16000,mono,-30.24,-15.92,17.04,15.26,0.622,2,
elephant_022,Elephant,test,audio_cache/elephant_samples_new/Roar21.wav,1.276,1.0,16000,mono,-20.51,-3.47,25.93,24.99,0.684,2,
elephant_023,Elephant,train,audio_cache/elephant_samples_new/Roar22.wav,2.733,1.0,16000,mono,-26.72,-13.03,8.78,18.78,0.061,2,
elephant_024,Elephant,train,audio_cache/elephant_samples_new/Roar23.wav,2.1,1.0,16000,mono,-14.2,-6.88,2.13,31.3,0.0,3,
elephant_025,Elephant,train,audio_cache/elephant_samples_new/Roar25.wav,4.735,1.0,16000,mono,-11.5,-4.41,4.28,34.0,0.0,3,
elephant_026,Elephant,train,audio_cache/elephant_samples_new/Roar26.wav,0.739,1.0,16000,mono,-29.35,-14.54,6.78,16.15,0.0,2,
elephant_027,Elephant,train,audio_cache/elephant_samples_new/Roar27.wav,1.791,1.0,16000,mono,-21.74,-11.87,3.88,23.76,0.0,2,
elephant_028,Elephant,train,audio_cache/elephant_samples_new/Roar28.wav,0.0,1.0,16000,mono,-26.92,-9.05,11.33,18.58,0.133,2,
elephant_029,Elephant,train,audio_cache/elephant_samples_new/Roar29.wav,0.912,1.0,16000,mono,-17.1,-9.45,7.44,28.4,0.0,3,
elephant_030,Elephant,train,audio_cache/elephant_samples_new/Roar30.wav,4.902,1.0,16000,mono,-15.35,-8.27,4.53,30.15,0.0,3,
elephant_031,Elephant,test,audio_cache/elephant_samples_new/Roar31.wav,5.0,1.0,16000,mono,-18.0,-9.25,10.84,27.5,0.173,3,
elephant_032,Elephant,train,audio_cache/elephant_samples_new/Roar32.wav,4.153,1.0,16000,mono,-22.9,-11.45,4.1,22.6,0.0,2,
elephant_033,Elephant,test,audio_cache/elephant_samples_new/Roar33.wav,3.312,1.0,16000,mono,-12.88,-0.39,13.35,32.62,0.582,3,
elephant_034,Elephant,train,audio_cache/elephant_samples_new/Roar34.wav,4.2,1.0,16000,mono,-22.9,-11.47,4.12,22.6,0.0,2,
elephant_035,Elephant,train,audio_cache/elephant_samples_new/Roar35.wav,2.235,1.0,16000,mono,-11.46,-1.19,3.14,34.04,0.0,3,
elephant_036,Elephant,train,audio_cache/elephant_samples_new/Roar36.wav,4.949,1.0,16000,mono,-15.34,-7.78,4.52,30.16,0.0,3,
elephant_037,Elephant,test,audio_cache/elephant_samples_new/Roar37.wav,4.669,1.0,16000,mono,-9.94,-0.35,2.29,35.56,0.0,3,
elephant_038,Elephant,train,audio_cache/elephant_samples_new/Roar38.wav,2.857,1.0,16000,mono,-21.56,-4.08,9.35,23.94,0.051,2,
elephant_039,Elephant,train,audio_cache/elephant_samples_new/Roar39.wav,4.359,1.0,16000,mono,-12.7,-1.92,6.38,32.8,0.0,3,
elephant_040,Elephant,test,audio_cache/elephant_samples_new/Roar40.wav,5.0,1.0,16000,mono,-19.3,-8.08,9.33,26.2,0.061,3,
elephant_041,Elephant,train,audio_cache/elephant_samples_new/Roar41.wav,3.029,1.0,16000,mono,-10.85,0.99,17.86,34.65,0.663,3,
elephant_042,Elephant,train,audio_cache/elephant_samples_new/Roar42.wav,1.514,1.0,16000,mono,-19.5,-8.07,4.05,26.0,0.0,3,
elephant_043,Elephant,train,audio_cache/elephant_samples_new/Roar43.wav,4.373,1.0,16000,mono,-18.0,-7.44,4.2,27.5,0.0,3,
elephant_044,Elephant,train,audio_cache/elephant_samples_new/Roar44.wav,0.0,1.0,16000,mono,-10.55,-0.8,8.05,34.95,0.0,3,
elephant_045,Elephant,train,audio_cache/elephant_samples_new/Roar45.wav,1.539,1.0,16000,mono,-10.17,-0.97,3.65,35.33,0.0,3,
elephant_046,Elephant,test,audio_cache/elephant_samples_new/Roar46.wav,3.103,1.0,16000,mono,-7.31,-0.94,4.12,38.19,0.0,3,
elephant_047,Elephant,train,audio_cache/elephant_samples_new/Roar47.wav,3.857,1.0,16000,mono,-11.54,-0.99,6.41,33.96,0.0,3,
elephant_048,Elephant,train,audio_cache/elephant_samples_new/Roar48.wav,0.037,1.0,16000,mono,-17.73,-7.22,3.98,27.77,0.0,3,
elephant_049,Elephant,train,audio_cache/elephant_samples_new/Roar49.wav,4.036,1.0,16000,mono,-13.37,-2.5,4.23,32.13,0.0,3,
drone_000,Drone,train,audio_cache/yes_drone_binary/B_S2_D1_067-bebop_000_.wav,0.007,1.0,16000,mono,-17.47,-1.87,10.01,28.03,0.102,3,
drone_001,Drone,train,audio_cache/yes_drone_binary/B_S2_D1_067-bebop_001_.wav,0.021,1.0,16000,mono,-23.38,-8.25,5.62,22.12,0.02,2,
drone_002,Drone,test,audio_cache/yes_drone_binary/B_S2_D1_067-bebop_002_.wav,0.001,1.0,16000,mono,-20.65,-6.29,9.4,24.85,0.102,2,
drone_003,Drone,train,audio_cache/yes_drone_binary/B_S2_D1_067-bebop_003_.wav,0.001,1.0,16000,mono,-21.79,-6.0,6.15,23.71,0.031,2,
drone_004,Drone,train,audio_cache/yes_drone_binary/B_S2_D1_067-bebop_004_.wav,0.0,1.0,16000,mono,-23.88,-9.94,5.13,21.62,0.0,2,padded
drone_005,Drone,train,audio_cache/yes_drone_binary/B_S2_D1_068-bebop_000_.wav,0.023,1.0,16000,mono,-14.9,-0.25,13.36,30.6,0.255,3,
drone_006,Drone,train,audio_cache/yes_drone_binary/B_S2_D1_068-bebop_001_.wav,0.024,1.0,16000,mono,-17.88,-3.98,7.82,27.62,0.02,3,
drone_007,Drone,train,audio_cache/yes_drone_binary/B_S2_D1_068-bebop_002_.wav,0.0,1.0,16000,mono,-19.18,-1.78,8.74,26.32,0.071,3,
drone_008,Drone,train,audio_cache/yes_drone_binary/B_S2_D1_068-bebop_003_.wav,0.008,1.0,16000,mono,-23.9,-11.45,2.04,21.6,0.0,2,
drone_009,Drone,test,audio_cache/yes_drone_binary/B_S2_D1_068-bebop_004_.wav,0.0,1.0,16000,mono,-25.08,-12.15,2.69,20.42,0.0,2,padded
drone_010,Drone,train,audio_cache/yes_drone_binary/B_S2_D1_069-bebop_000_.wav,0.024,1.0,16000,mono,-24.23,-11.83,1.65,21.27,0.0,2,
drone_011,Drone,test,audio_cache/yes_drone_binary/B_S2_D1_069-bebop_001_.wav,0.001,1.0,16000,mono,-24.34,-11.5,1.84,21.16,0.0,2,
drone_012,Drone,train,audio_cache/yes_drone_binary/B_S2_D1_069-bebop_002_.wav,0.024,1.0,16000,mono,-22.3,-8.82,4.89,23.2,0.0,2,
drone_013,Drone,train,audio_cache/yes_drone_binary/B_S2_D1_069-bebop_003_.wav,0.022,1.0,16000,mono,-23.53,-9.11,3.11,21.97,0.0,2,
drone_014,Drone,train,audio_cache/yes_drone_binary/B_S2_D1_069-bebop_004_.wav,0.0,1.0,16000,mono,-23.75,-11.25,2.9,21.75,0.0,2,padded
drone_015,Drone,train,audio_cache/yes_drone_binary/B_S2_D1_070-bebop_000_.wav,0.0,1.0,16000,mono,-22.41,-8.96,5.7,23.09,0.0,2,
drone_016,Drone,test,audio_cache/yes_drone_binary/B_S2_D1_070-bebop_001_.wav,0.024,1.0,16000,mono,-24.99,-12.06,2.17,20.51,0.0,2,
drone_017,Drone,test,audio_cache/yes_drone_binary/B_S2_D1_070-bebop_002_.wav,0.0,1.0,16000,mono,-24.31,-11.16,2.05,21.19,0.0,2,
drone_018,Drone,train,audio_cache/yes_drone_binary/B_S2_D1_070-bebop_003_.wav,0.015,1.0,16000,mono,-24.11,-11.71,2.51,21.39,0.0,2,
drone_019,Drone,train,audio_cache/yes_drone_binary/B_S2_D1_070-bebop_004_.wav,0.0,1.0,16000,mono,-24.79,-11.47,5.01,20.71,0.0,2,padded
drone_020,Drone,train,audio_cache/yes_drone_binary/B_S2_D1_071-bebop_000_.wav,0.0,1.0,16000,mono,-25.01,-12.58,1.89,20.49,0.0,2,
drone_021,Drone,test,audio_cache/yes_drone_binary/B_S2_D1_071-bebop_001_.wav,0.024,1.0,16000,mono,-23.77,-9.58,2.52,21.73,0.0,2,
drone_022,Drone,train,audio_cache/yes_drone_binary/B_S2_D1_071-bebop_002_.wav,0.0,1.0,16000,mono,-24.0,-10.63,3.3,21.5,0.0,2,
drone_023,Drone,train,audio_cache/yes_drone_binary/B_S2_D1_071-bebop_003_.wav,0.014,1.0,16000,mono,-19.16,-3.51,9.54,26.34,0.102,3,
drone_024,Drone,test,audio_cache/yes_drone_binary/B_S2_D1_071-bebop_004_.wav,0.0,1.0,16000,mono,-18.06,-2.35,9.57,27.44,0.082,3,padded
drone_025,Drone,train,audio_cache/yes_drone_binary/B_S2_D1_072-bebop_000_.wav,0.0,1.0,16000,mono,-19.68,-5.25,9.0,25.82,0.061,3,
drone_026,Drone,train,audio_cache/yes_drone_binary/B_S2_D1_072-bebop_001_.wav,0.0,1.0,16000,mono,-21.38,-8.64,3.66,24.12,0.0,2,
drone_027,Drone,train,audio_cache/yes_drone_binary/B_S2_D1_072-bebop_002_.wav,0.024,1.0,16000,mono,-21.06,-7.33,4.97,24.44,0.0,2,
drone_028,Drone,test,audio_cache/yes_drone_binary/B_S2_D1_072-bebop_003_.wav,0.0,1.0,16000,mono,-18.73,-4.88,10.5,26.77,0.133,3,
drone_029,Drone,train,audio_cache/yes_drone_binary/B_S2_D1_072-bebop_004_.wav,0.0,1.0,16000,mono,-22.3,-8.5,5.82,23.2,0.0,2,padded
drone_030,Drone,train,audio_cache/yes_drone_binary/B_S2_D1_073-bebop_000_.wav,0.0,1.0,16000,mono,-23.1,-10.2,3.71,22.4,0.0,2,
drone_031,Drone,train,audio_cache/yes_drone_binary/B_S2_D1_073-bebop_001_.wav,0.021,1.0,16000,mono,-17.57,-3.95,9.78,27.93,0.082,3,
drone_032,Drone,train,audio_cache/yes_drone_binary/B_S2_D1_073-bebop_002_.wav,0.013,1.0,16000,mono,-19.85,-5.72,6.42,25.65,0.01,3,
drone_033,Drone,train,audio_cache/yes_drone_binary/B_S2_D1_073-bebop_003_.wav,0.005,1.0,16000,mono,-22.38,-9.88,4.75,23.12,0.0,2,
drone_034,Drone,train,audio_cache/yes_drone_binary/B_S2_D1_073-bebop_004_.wav,0.0,1.0,16000,mono,-22.55,-7.01,6.62,22.95,0.0,2,padded
drone_035,Drone,train,audio_cache/yes_drone_binary/B_S2_D1_074-bebop_000_.wav,0.023,1.0,16000,mono,-22.87,-9.66,3.32,22.63,0.0,2,
drone_036,Drone,test,audio_cache/yes_drone_binary/B_S2_D1_074-bebop_001_.wav,0.001,1.0,16000,mono,-21.62,-7.5,6.14,23.88,0.0,2,
drone_037,Drone,train,audio_cache/yes_drone_binary/B_S2_D1_074-bebop_002_.wav,0.001,1.0,16000,mono,-22.1,-9.21,4.04,23.4,0.0,2,
drone_038,Drone,test,audio_cache/yes_drone_binary/B_S2_D1_074-bebop_003_.wav,0.024,1.0,16000,mono,-23.93,-10.5,2.24,21.57,0.0,2,
drone_039,Drone,test,audio_cache/yes_drone_binary/B_S2_D1_074-bebop_004_.wav,0.0,1.0,16000,mono,-22.21,-9.29,5.23,23.29,0.0,2,padded
drone_040,Drone,test,audio_cache/yes_drone_binary/B_S2_D1_075-bebop_000_.wav,0.024,1.0,16000,mono,-22.75,-10.09,3.32,22.75,0.0,2,
drone_041,Drone,train,audio_cache/yes_drone_binary/B_S2_D1_075-bebop_001_.wav,0.004,1.0,16000,mono,-23.73,-11.39,1.85,21.77,0.0,2,
drone_042,Drone,train,audio_cache/yes_drone_binary/B_S2_D1_075-bebop_002_.wav,0.024,1.0,16000,mono,-22.95,-9.87,3.88,22.55,0.0,2,
drone_043,Drone,train,audio_cache/yes_drone_binary/B_S2_D1_075-bebop_003_.wav,0.011,1.0,16000,mono,-23.23,-8.68,3.12,22.27,0.0,2,
drone_044,Drone,train,audio_cache/yes_drone_binary/B_S2_D1_075-bebop_004_.wav,0.0,1.0,16000,mono,-24.77,-10.82,3.34,20.73,0.0,2,padded
drone_045,Drone,train,audio_cache/yes_drone_binary/B_S2_D1_076-bebop_000_.wav,0.003,1.0,16000,mono,-23.63,-9.24,2.99,21.87,0.02,2,
drone_046,Drone,train,audio_cache/yes_drone_binary/B_S2_D1_076-bebop_001_.wav,0.023,1.0,16000,mono,-23.17,-8.26,3.69,22.33,0.0,2,
drone_047,Drone,train,audio_cache/yes_drone_binary/B_S2_D1_076-bebop_002_.wav,0.024,1.0,16000,mono,-23.8,-8.67,3.84,21.7,0.0,2,
drone_048,Drone,train,audio_cache/yes_drone_binary/B_S2_D1_076-bebop_003_.wav,0.0,1.0,16000,mono,-23.56,-8.63,2.8,21.94,0.01,2,
drone_049,Drone,train,audio_cache/yes_drone_binary/B_S2_D1_076-bebop_004_.wav,0.0,1.0,16000,mono,-25.56,-12.64,2.36,19.94,0.0,2,padded
lion_000,Lion,train,audio_cache/wild_animals/Animal-Soundprepros/Aslan/lion01.wav,1.215,1.0,16000,mono,-20.66,-10.13,11.61,24.84,0.337,2,
lion_001,Lion,train,audio_cache/wild_animals/Animal-Soundprepros/Aslan/lion02.wav,0.327,1.0,16000,mono,-14.76,-3.92,3.53,30.74,0.0,3,
lion_002,Lion,train,audio_cache/wild_animals/Animal-Soundprepros/Aslan/lion03.wav,0.074,1.0,16000,mono,-9.69,0.11,16.62,35.81,0.531,2,clipping
lion_003,Lion,test,audio_cache/wild_animals/Animal-Soundprepros/Aslan/lion04.wav,5.19,1.0,16000,mono,-19.17,-8.21,14.63,26.33,0.592,3,
lion_004,Lion,train,audio_cache/wild_animals/Animal-Soundprepros/Aslan/lion05.wav,5.957,1.0,16000,mono,-11.72,0.22,21.23,33.78,0.755,3,
lion_005,Lion,train,audio_cache/wild_animals/Animal-Soundprepros/Aslan/lion06.wav,0.0,1.0,16000,mono,-12.25,0.29,20.25,33.25,0.531,3,padded
lion_006,Lion,train,audio_cache/wild_animals/Animal-Soundprepros/Aslan/lion08.wav,0.025,1.0,16000,mono,-15.2,-3.17,9.45,30.3,0.051,3,
lion_007,Lion,train,audio_cache/wild_animals/Animal-Soundprepros/Aslan/lion09.wav,0.0,1.0,16000,mono,-14.42,0.17,33.98,31.08,0.724,3,padded
lion_008,Lion,train,audio_cache/wild_animals/Animal-Soundprepros/Aslan/lion10.wav,0.224,1.0,16000,mono,-10.64,-0.19,10.48,34.86,0.153,3,
lion_009,Lion,train,audio_cache/wild_animals/Animal-Soundprepros/Aslan/lion11.wav,0.106,1.0,16000,mono,-10.0,0.19,7.48,35.5,0.0,2,clipping
lion_010,Lion,train,audio_cache/wild_animals/Animal-Soundprepros/Aslan/lion12.wav,2.985,1.0,16000,mono,-24.12,-10.94,7.77,21.38,0.041,2,
lion_011,Lion,train,audio_cache/wild_animals/Animal-Soundprepros/Aslan/lion14.wav,3.381,1.0,16000,mono,-8.83,0.39,19.94,36.67,0.51,2,clipping
lion_012,Lion,train,audio_cache/wild_animals/Animal-Soundprepros/Aslan/lion15.wav,0.439,1.0,16000,mono,-10.08,0.04,5.3,35.42,0.0,3,
lion_013,Lion,train,audio_cache/wild_animals/Animal-Soundprepros/Aslan/lion16.wav,0.176,1.0,16000,mono,-9.85,-1.89,5.95,35.65,0.0,3,
lion_014,Lion,train,audio_cache/wild_animals/Animal-Soundprepros/Aslan/lion17.wav,0.059,1.0,16000,mono,-11.72,0.25,21.23,33.78,0.755,3,
lion_015,Lion,train,audio_cache/wild_animals/Animal-Soundprepros/Aslan/lion18.wav,0.412,1.0,16000,mono,-22.55,-3.81,12.92,22.95,0.235,2,
lion_016,Lion,train,audio_cache/wild_animals/Animal-Soundprepros/Aslan/lion19.wav,4.889,1.0,16000,mono,-12.76,-1.58,8.52,32.74,0.0,3,
lion_017,Lion,train,audio_cache/wild_animals/Animal-Soundprepros/Aslan/lion20.wav,0.389,1.0,16000,mono,-10.82,0.01,4.72,34.68,0.0,3,
lion_018,Lion,test,audio_cache/wild_animals/Animal-Soundprepros/Aslan/lion21.wav,3.477,1.0,16000,mono,-17.75,-2.35,5.84,27.75,0.0,3,
lion_019,Lion,train,audio_cache/wild_animals/Animal-Soundprepros/Aslan/lion22.wav,0.0,1.0,16000,mono,-14.42,0.17,33.98,31.08,0.735,3,
lion_020,Lion,train,audio_cache/wild_animals/Animal-Soundprepros/Aslan/lion23.wav,1.603,1.0,16000,mono,-15.25,-1.16,16.6,30.25,0.653,3,
lion_021,Lion,test,audio_cache/wild_animals/Animal-Soundprepros/Aslan/lion24.wav,0.0,1.0,16000,mono,-12.29,0.28,20.42,33.21,0.52,3,padded
lion_022,Lion,train,audio_cache/wild_animals/Animal-Soundprepros/Aslan/lion25.wav,0.302,1.0,16000,mono,-10.02,-1.39,5.96,35.48,0.0,3,
lion_023,Lion,train,audio_cache/wild_animals/Animal-Soundprepros/Aslan/lion26.wav,0.038,1.0,16000,mono,-13.13,0.04,9.11,32.37,0.051,3,
lion_024,Lion,train,audio_cache/wild_animals/Animal-Soundprepros/Aslan/lion27.wav,0.283,1.0,16000,mono,-11.76,-1.17,11.14,33.74,0.143,3,
lion_025,Lion,train,audio_cache/wild_animals/Animal-Soundprepros/Aslan/lion28.wav,0.038,1.0,16000,mono,-9.79,0.19,8.99,35.71,0.041,3,
lion_026,Lion,train,audio_cache/wild_animals/Animal-Soundprepros/Aslan/lion29.wav,1.262,1.0,16000,mono,-13.51,-0.71,12.08,31.99,0.398,3,
lion_027,Lion,test,audio_cache/wild_animals/Animal-Soundprepros/Aslan/lion30.wav,0.627,1.0,16000,mono,-21.39,-6.74,7.48,24.11,0.01,2,
lion_028,Lion,test,audio_cache/wild_animals/Animal-Soundprepros/Aslan/lion31.wav,2.94,1.0,16000,mono,-25.49,-12.52,5.61,20.01,0.0,2,
lion_029,Lion,train,audio_cache/wild_animals/Animal-Soundprepros/Aslan/lion32.wav,1.816,1.0,16000,mono,-22.31,-9.41,5.48,23.19,0.0,2,
lion_030,Lion,train,audio_cache/wild_animals/Animal-Soundprepros/Aslan/lion33.wav,0.012,1.0,16000,mono,-25.96,-11.99,14.92,19.54,0.541,2,
lion_031,Lion,train,audio_cache/wild_animals/Animal-Soundprepros/Aslan/lion34.wav,0.102,1.0,16000,mono,-13.19,0.13,5.45,32.31,0.0,3,
lion_032,Lion,test,audio_cache/wild_animals/Animal-Soundprepros/Aslan/lion35.wav,0.09,1.0,16000,mono,-13.14,0.28,23.21,32.36,0.714,3,
lion_033,Lion,train,audio_cache/wild_animals/Animal-Soundprepros/Aslan/lion36.wav,5.517,1.0,16000,mono,-25.43,-11.58,4.54,20.07,0.0,2,
lion_034,Lion,test,audio_cache/wild_animals/Animal-Soundprepros/Aslan/lion37.wav,3.137,1.0,16000,mono,-21.19,-1.64,13.36,24.31,0.265,2,
lion_035,Lion,train,audio_cache/wild_animals/Animal-Soundprepros/Aslan/lion38.wav,1.093,1.0,16000,mono,-12.53,0.11,15.17,32.97,0.204,3,
lion_036,Lion,train,audio_cache/wild_animals/Animal-Soundprepros/Aslan/lion39.wav,0.002,1.0,16000,mono,-22.59,-5.28,13.35,22.91,0.153,2,
lion_037,Lion,train,audio_cache/wild_animals/Animal-Soundprepros/Aslan/lion40.wav,5.476,1.0,16000,mono,-15.96,-2.86,9.56,29.54,0.082,3,
lion_038,Lion,train,audio_cache/wild_animals/Animal-Soundprepros/Aslan/lion41.wav,12.415,1.0,16000,mono,-15.8,-3.65,7.59,29.7,0.031,3,
lion_039,Lion,train,audio_cache/wild_animals/Animal-Soundprepros/Aslan/lion42.wav,0.324,1.0,16000,mono,-11.88,-1.41,4.18,33.62,0.0,3,
lion_040,Lion,train,audio_cache/wild_animals/Animal-Soundprepros/Aslan/lion45.wav,0.412,1.0,16000,mono,-16.57,0.55,12.95,28.93,0.235,3,
lion_041,Lion,test,audio_cache/wild_animals/Animal-Soundprepros/Aslan/lion47.wav,0.527,1.0,16000,mono,-8.01,-0.52,3.54,37.49,0.0,3,
lion_042,Lion,test,audio_cache/wild_animals/Animal-Soundprepros/Aslan/lion48.wav,0.727,1.0,16000,mono,-18.38,0.24,15.87,27.12,0.469,3,
lion_043,Lion,train,audio_cache/wild_animals/Animal-Soundprepros/Aslan/lion01.wav,0.104,1.0,16000,mono,-21.76,-10.81,8.22,23.74,0.041,2,
lion_044,Lion,train,audio_cache/wild_animals/Animal-Soundprepros/Aslan/lion02.wav,5.205,1.0,16000,mono,-14.93,-3.71,5.62,30.57,0.0,3,
lion_045,Lion,test,audio_cache/wild_animals/Animal-Soundprepros/Aslan/lion04.wav,0.984,1.0,16000,mono,-19.53,-6.11,8.33,25.97,0.0,3,
lion_046,Lion,train,audio_cache/wild_animals/Animal-Soundprepros/Aslan/lion05.wav,0.764,1.0,16000,mono,-17.88,-4.1,8.16,27.62,0.0,3,
lion_047,Lion,train,audio_cache/wild_animals/Animal-Soundprepros/Aslan/lion10.wav,1.224,1.0,16000,mono,-17.18,-4.06,12.96,28.32,0.367,3,
lion_048,Lion,train,audio_cache/wild_animals/Animal-Soundprepros/Aslan/lion11.wav,1.107,1.0,16000,mono,-11.41,0.14,9.6,34.09,0.071,3,
lion_049,Lion,train,audio_cache/wild_animals/Animal-Soundprepros/Aslan/lion12.wav,0.098,1.0,16000,mono,-24.8,-11.61,8.05,20.7,0.02,2,
monkey_000,Monkey,train,audio_cache/wild_animals/Animal-Soundprepros/Monkey/monkey01.wav,1.155,1.0,16000,mono,-24.03,-8.59,15.53,21.47,0.755,2,
monkey_001,Monkey,train,audio_cache/wild_animals/Animal-Soundprepros/Monkey/monkey02.wav,2.227,1.0,16000,mono,-25.59,-11.81,10.67,19.91,0.163,2,
monkey_002,Monkey,train,audio_cache/wild_animals/Animal-Soundprepros/Monkey/monkey03.wav,0.0,1.0,16000,mono,-18.76,-1.11,33.98,26.74,0.224,3,padded
monkey_003,Monkey,train,audio_cache/wild_animals/Animal-Soundprepros/Monkey/monkey04.wav,1.751,1.0,16000,mono,-17.26,-6.99,10.53,28.24,0.286,3,
monkey_004,Monkey,train,audio_cache/wild_animals/Animal-Soundprepros/Monkey/monkey05.wav,0.0,1.0,16000,mono,-21.83,-4.14,33.34,23.67,0.765,2,padded
monkey_005,Monkey,train,audio_cache/wild_animals/Animal-Soundprepros/Monkey/monkey06.wav,3.833,1.0,16000,mono,-6.71,0.5,4.73,38.79,0.0,2,clipping
monkey_006,Monkey,train,audio_cache/wild_animals/Animal-Soundprepros/Monkey/monkey07.wav,0.178,1.0,16000,mono,-14.28,-1.25,31.15,31.22,0.602,3,
monkey_007,Monkey,train,audio_cache/wild_animals/Animal-Soundprepros/Monkey/monkey08.wav,3.857,1.0,16000,mono,-18.88,-8.8,9.59,26.62,0.01,3,
monkey_008,Monkey,test,audio_cache/wild_animals/Animal-Soundprepros/Monkey/monkey09.wav,0.091,1.0,16000,mono,-7.01,0.25,13.36,38.49,0.622,2,clipping
monkey_009,Monkey,train,audio_cache/wild_animals/Animal-Soundprepros/Monkey/monkey10.wav,1.37,1.0,16000,mono,-11.03,-1.7,11.35,34.47,0.367,3,
monkey_010,Monkey,test,audio_cache/wild_animals/Animal-Soundprepros/Monkey/monkey11.wav,0.123,1.0,16000,mono,-10.4,-0.13,12.08,35.1,0.347,3,
monkey_011,Monkey,train,audio_cache/wild_animals/Animal-Soundprepros/Monkey/monkey13.wav,1.442,1.0,16000,mono,-13.52,-1.2,33.98,31.98,0.694,3,
monkey_012,Monkey,train,audio_cache/wild_animals/Animal-Soundprepros/Monkey/monkey14.wav,4.654,1.0,16000,mono,-16.39,-3.14,5.13,29.11,0.0,3,
monkey_013,Monkey,test,audio_cache/wild_animals/Animal-Soundprepros/Monkey/monkey15.wav,1.381,1.0,16000,mono,-12.12,-1.42,29.06,33.38,0.704,3,
monkey_014,Monkey,train,audio_cache/wild_animals/Animal-Soundprepros/Monkey/monkey16.wav,0.059,1.0,16000,mono,-10.74,-0.83,3.89,34.76,0.0,3,
monkey_015,Monkey,train,audio_cache/wild_animals/Animal-Soundprepros/Monkey/monkey17.wav,1.096,1.0,16000,mono,-26.8,-14.49,19.88,18.7,0.673,2,
monkey_016,Monkey,train,audio_cache/wild_animals/Animal-Soundprepros/Monkey/monkey18.wav,1.017,1.0,16000,mono,-5.06,3.41,33.98,40.44,0.755,2,clipping
monkey_017,Monkey,test,audio_cache/wild_animals/Animal-Soundprepros/Monkey/monkey19.wav,3.966,1.0,16000,mono,-19.46,-8.72,17.83,26.04,0.612,3,
monkey_018,Monkey,train,audio_cache/wild_animals/Animal-Soundprepros/Monkey/monkey20.wav,1.115,1.0,16000,mono,-27.72,-11.58,15.87,17.78,0.592,2,
monkey_019,Monkey,train,audio_cache/wild_animals/Animal-Soundprepros/Monkey/monkey21.wav,4.719,1.0,16000,mono,-23.96,-3.09,7.39,21.54,0.061,2,
monkey_020,Monkey,train,audio_cache/wild_animals/Animal-Soundprepros/Monkey/monkey22.wav,0.011,1.0,16000,mono,-25.28,-11.09,17.08,20.22,0.663,2,
monkey_021,Monkey,train,audio_cache/wild_animals/Animal-Soundprepros/Monkey/monkey23.wav,0.911,1.0,16000,mono,-8.85,0.47,13.84,36.65,0.847,3,
monkey_022,Monkey,train,audio_cache/wild_animals/Animal-Soundprepros/Monkey/monkey24.wav,0.202,1.0,16000,mono,-25.18,-11.7,7.93,20.32,0.0,2,
monkey_023,Monkey,train,audio_cache/wild_animals/Animal-Soundprepros/Monkey/monkey25.wav,2.023,1.0,16000,mono,-24.14,-10.12,33.98,21.36,0.786,2,
monkey_024,Monkey,train,audio_cache/wild_animals/Animal-Soundprepros/Monkey/monkey26.wav,1.41,1.0,16000,mono,-25.76,-8.8,33.98,19.74,0.612,2,
monkey_025,Monkey,test,audio_cache/wild_animals/Animal-Soundprepros/Monkey/monkey27.wav,0.92,1.0,16000,mono,-26.88,-9.76,33.98,18.62,0.622,2,
monkey_026,Monkey,train,audio_cache/wild_animals/Animal-Soundprepros/Monkey/monkey28.wav,1.002,1.0,16000,mono,-25.07,-9.07,17.17,20.43,0.663,2,
monkey_027,Monkey,test,audio_cache/wild_animals/Animal-Soundprepros/Monkey/monkey32.wav,1.786,1.0,16000,mono,-13.14,-0.53,33.98,32.36,0.755,3,
monkey_028,Monkey,train,audio_cache/wild_animals/Animal-Soundprepros/Monkey/monkey35.wav,0.679,1.0,16000,mono,-16.99,-5.25,11.82,28.51,0.622,3,
monkey_029,Monkey,train,audio_cache/wild_animals/Animal-Soundprepros/Monkey/monkey38.wav,1.637,1.0,16000,mono,-22.25,-8.46,30.11,23.25,0.745,2,
monkey_030,Monkey,train,audio_cache/wild_animals/Animal-Soundprepros/Monkey/monkey39.wav,0.093,1.0,16000,mono,-28.96,-14.28,27.19,16.54,0.724,2,
monkey_031,Monkey,train,audio_cache/wild_animals/Animal-Soundprepros/Monkey/monkey40.wav,0.012,1.0,16000,mono,-15.37,0.34,32.84,30.13,0.531,3,
monkey_032,Monkey,train,audio_cache/wild_animals/Animal-Soundprepros/Monkey/monkey41.wav,0.231,1.0,16000,mono,-25.81,-9.08,33.98,19.69,0.633,2,
monkey_033,Monkey,train,audio_cache/wild_animals/Animal-Soundprepros/Monkey/monkey44.wav,0.559,1.0,16000,mono,-11.35,-2.2,16.09,34.15,0.653,3,
monkey_034,Monkey,train,audio_cache/wild_animals/Animal-Soundprepros/Monkey/monkey48.wav,1.786,1.0,16000,mono,-11.84,0.4,32.93,33.66,0.745,3,
monkey_035,Monkey,test,audio_cache/wild_animals/Animal-Soundprepros/Monkey/monkey49.wav,1.786,1.0,16000,mono,-11.83,0.43,33.98,33.67,0.755,3,
monkey_036,Monkey,train,audio_cache/wild_animals/Animal-Soundprepros/Monkey/monkey01.wav,3.33,1.0,16000,mono,-25.52,-11.72,13.28,19.98,0.531,2,
monkey_037,Monkey,train,audio_cache/wild_animals/Animal-Soundprepros/Monkey/monkey02.wav,0.224,1.0,16000,mono,-26.31,-12.3,10.57,19.19,0.153,2,
monkey_038,Monkey,train,audio_cache/wild_animals/Animal-Soundprepros/Monkey/monkey04.wav,0.489,1.0,16000,mono,-18.65,-8.58,8.41,26.85,0.0,3,
monkey_039,Monkey,train,audio_cache/wild_animals/Animal-Soundprepros/Monkey/monkey06.wav,5.091,1.0,16000,mono,-7.85,0.26,7.8,37.65,0.0,3,
monkey_040,Monkey,train,audio_cache/wild_animals/Animal-Soundprepros/Monkey/monkey08.wav,2.601,1.0,16000,mono,-20.18,-10.59,7.83,25.32,0.0,3,
monkey_041,Monkey,train,audio_cache/wild_animals/Animal-Soundprepros/Monkey/monkey10.wav,0.254,1.0,16000,mono,-14.2,-1.18,26.0,31.3,0.714,3,
monkey_042,Monkey,test,audio_cache/wild_animals/Animal-Soundprepros/Monkey/monkey11.wav,1.338,1.0,16000,mono,-11.85,0.04,17.5,33.65,0.786,3,
monkey_043,Monkey,train,audio_cache/wild_animals/Animal-Soundprepros/Monkey/monkey13.wav,3.805,1.0,16000,mono,-14.74,-2.99,33.98,30.76,0.745,3,
monkey_044,Monkey,train,audio_cache/wild_animals/Animal-Soundprepros/Monkey/monkey14.wav,5.737,1.0,16000,mono,-17.56,-6.27,5.0,27.94,0.0,3,
monkey_045,Monkey,test,audio_cache/wild_animals/Animal-Soundprepros/Monkey/monkey15.wav,0.381,1.0,16000,mono,-14.13,-1.53,33.57,31.37,0.561,3,
monkey_046,Monkey,train,audio_cache/wild_animals/Animal-Soundprepros/Monkey/monkey17.wav,0.096,1.0,16000,mono,-30.88,-16.21,33.98,14.62,0.837,2,
monkey_047,Monkey,train,audio_cache/wild_animals/Animal-Soundprepros/Monkey/monkey18.wav,0.017,1.0,16000,mono,-6.21,2.25,33.98,39.29,0.765,2,clipping
monkey_048,Monkey,test,audio_cache/wild_animals/Animal-Soundprepros/Monkey/monkey19.wav,5.401,1.0,16000,mono,-20.34,-8.97,13.14,25.16,0.48,3,
monkey_049,Monkey,train,audio_cache/wild_animals/Animal-Soundprepros/Monkey/monkey20.wav,2.136,1.0,16000,mono,-27.9,-13.1,14.69,17.6,0.663,2,
frog_000,Frog,train,audio_cache/wild_animals/Animal-Soundprepros/Frog/frog01.wav,0.0,1.0,16000,mono,-17.66,-0.58,33.98,27.84,0.337,3,padded
frog_001,Frog,test,audio_cache/wild_animals/Animal-Soundprepros/Frog/frog02.wav,0.458,1.0,16000,mono,-21.68,-4.99,20.07,23.82,0.663,2,
frog_002,Frog,train,audio_cache/wild_animals/Animal-Soundprepros/Frog/frog03.wav,0.0,1.0,16000,mono,-19.7,-3.72,33.98,25.8,0.398,3,padded
frog_003,Frog,train,audio_cache/wild_animals/Animal-Soundprepros/Frog/frog04.wav,0.0,1.0,16000,mono,-22.78,-4.27,33.98,22.72,0.276,2,padded
frog_004,Frog,train,audio_cache/wild_animals/Animal-Soundprepros/Frog/frog05.wav,0.0,1.0,16000,mono,-19.72,0.81,33.98,25.78,0.337,3,padded
frog_005,Frog,train,audio_cache/wild_animals/Animal-Soundprepros/Frog/frog06.wav,0.677,1.0,16000,mono,-16.5,0.32,17.89,29.0,0.541,3,
frog_006,Frog,train,audio_cache/wild_animals/Animal-Soundprepros/Frog/frog07.wav,5.536,1.0,16000,mono,-15.21,-1.05,33.98,30.29,0.673,3,
frog_007,Frog,train,audio_cache/wild_animals/Animal-Soundprepros/Frog/frog08.wav,0.049,1.0,16000,mono,-17.12,-1.53,26.93,28.38,0.827,3,
frog_008,Frog,train,audio_cache/wild_animals/Animal-Soundprepros/Frog/frog09.wav,2.034,1.0,16000,mono,-23.28,-8.1,27.13,22.22,0.49,2,
frog_009,Frog,train,audio_cache/wild_animals/Animal-Soundprepros/Frog/frog10.wav,2.69,1.0,16000,mono,-20.61,-5.63,5.55,24.89,0.0,2,
frog_010,Frog,train,audio_cache/wild_animals/Animal-Soundprepros/Frog/frog11.wav,0.0,1.0,16000,mono,-24.5,-2.82,33.98,21.0,0.286,2,padded
frog_011,Frog,train,audio_cache/wild_animals/Animal-Soundprepros/Frog/frog12.wav,0.0,1.0,16000,mono,-24.58,-0.92,33.98,20.92,0.398,2,
frog_012,Frog,test,audio_cache/wild_animals/Animal-Soundprepros/Frog/frog13.wav,0.0,1.0,16000,mono,-26.89,-5.54,33.98,18.61,0.816,2,padded
frog_013,Frog,train,audio_cache/wild_animals/Animal-Soundprepros/Frog/frog14.wav,0.034,1.0,16000,mono,-12.08,0.24,22.2,33.42,0.694,3,
frog_014,Frog,train,audio_cache/wild_animals/Animal-Soundprepros/Frog/frog15.wav,0.0,1.0,16000,mono,-15.01,0.28,33.98,30.49,0.357,3,padded
frog_015,Frog,test,audio_cache/wild_animals/Animal-Soundprepros/Frog/frog17.wav,3.569,1.0,16000,mono,-15.5,1.2,31.03,30.0,0.5,3,
frog_016,Frog,train,audio_cache/wild_animals/Animal-Soundprepros/Frog/frog18.wav,0.0,1.0,16000,mono,-18.67,-3.01,33.98,26.83,0.378,3,padded
frog_017,Frog,train,audio_cache/wild_animals/Animal-Soundprepros/Frog/frog19.wav,1.908,1.0,16000,mono,-20.08,-3.87,33.98,25.42,0.51,3,
frog_018,Frog,train,audio_cache/wild_animals/Animal-Soundprepros/Frog/frog20.wav,2.466,1.0,16000,mono,-21.16,-5.85,16.15,24.34,0.408,2,
frog_019,Frog,train,audio_cache/wild_animals/Animal-Soundprepros/Frog/frog21.wav,1.238,1.0,16000,mono,-30.64,-13.02,32.24,14.86,0.602,2,
frog_020,Frog,test,audio_cache/wild_animals/Animal-Soundprepros/Frog/frog22.wav,2.402,1.0,16000,mono,-23.41,-5.76,15.92,22.09,0.296,2,
frog_021,Frog,train,audio_cache/wild_animals/Animal-Soundprepros/Frog/frog23.wav,0.66,1.0,16000,mono,-15.84,-0.45,26.28,29.66,0.449,3,
frog_022,Frog,train,audio_cache/wild_animals/Animal-Soundprepros/Frog/frog24.wav,4.207,1.0,16000,mono,-22.1,-5.61,14.38,23.4,0.327,2,
frog_023,Frog,test,audio_cache/wild_animals/Animal-Soundprepros/Frog/frog25.wav,0.0,1.0,16000,mono,-17.24,0.31,33.98,28.26,0.224,3,padded
frog_024,Frog,train,audio_cache/wild_animals/Animal-Soundprepros/Frog/frog26.wav,1.751,1.0,16000,mono,-16.1,1.77,18.81,29.4,0.214,3,
frog_025,Frog,train,audio_cache/wild_animals/Animal-Soundprepros/Frog/frog27.wav,1.623,1.0,16000,mono,-17.12,-0.09,20.16,28.38,0.378,3,
frog_026,Frog,test,audio_cache/wild_animals/Animal-Soundprepros/Frog/frog29.wav,0.058,1.0,16000,mono,-12.07,0.99,19.16,33.43,0.745,3,
frog_027,Frog,train,audio_cache/wild_animals/Animal-Soundprepros/Frog/frog30.wav,0.164,1.0,16000,mono,-15.28,-2.0,20.79,30.22,0.684,3,
frog_028,Frog,train,audio_cache/wild_animals/Animal-Soundprepros/Frog/frog31.wav,0.05,1.0,16000,mono,-12.26,0.0,23.61,33.24,0.724,3,
frog_029,Frog,train,audio_cache/wild_animals/Animal-Soundprepros/Frog/frog33.wav,0.032,1.0,16000,mono,-12.09,0.28,22.4,33.41,0.704,3,
frog_030,Frog,train,audio_cache/wild_animals/Animal-Soundprepros/Frog/frog34.wav,5.435,1.0,16000,mono,-15.84,-4.58,4.41,29.66,0.0,3,
frog_031,Frog,test,audio_cache/wild_animals/Animal-Soundprepros/Frog/frog35.wav,0.513,1.0,16000,mono,-32.13,-15.2,16.35,13.37,0.429,2,
frog_032,Frog,train,audio_cache/wild_animals/Animal-Soundprepros/Frog/frog36.wav,0.0,1.0,16000,mono,-20.96,-2.72,33.98,24.54,0.429,2,padded
frog_033,Frog,test,audio_cache/wild_animals/Animal-Soundprepros/Frog/frog37.wav,2.224,1.0,16000,mono,-28.98,-13.33,18.12,16.52,0.52,2,
frog_034,Frog,test,audio_cache/wild_animals/Animal-Soundprepros/Frog/frog38.wav,0.88,1.0,16000,mono,-35.94,-18.62,4.13,9.56,0.0,1,
frog_035,Frog,train,audio_cache/wild_animals/Animal-Soundprepros/Frog/frog39.wav,0.094,1.0,16000,mono,-30.13,-14.94,18.07,15.37,0.51,2,
frog_036,Frog,train,audio_cache/wild_animals/Animal-Soundprepros/Frog/frog40.wav,2.471,1.0,16000,mono,-14.63,3.16,22.38,30.87,0.592,3,
frog_037,Frog,train,audio_cache/wild_animals/Animal-Soundprepros/Frog/frog41.wav,1.663,1.0,16000,mono,-32.28,-16.17,17.65,13.22,0.459,2,
frog_038,Frog,train,audio_cache/wild_animals/Animal-Soundprepros/Frog/frog45.wav,1.32,1.0,16000,mono,-13.58,0.2,33.98,31.92,0.776,3,
frog_039,Frog,train,audio_cache/wild_animals/Animal-Soundprepros/Frog/frog46.wav,0.884,1.0,16000,mono,-18.31,-4.58,19.88,27.19,0.724,3,
frog_040,Frog,train,audio_cache/wild_animals/Animal-Soundprepros/Frog/frog47.wav,0.0,1.0,16000,mono,-16.27,0.06,33.98,29.23,0.418,3,padded
frog_041,Frog,train,audio_cache/wild_animals/Animal-Soundprepros/Frog/frog48.wav,0.0,1.0,16000,mono,-18.63,-0.22,33.98,26.87,0.378,3,padded
frog_042,Frog,train,audio_cache/wild_animals/Animal-Soundprepros/Frog/frog49.wav,0.0,1.0,16000,mono,-17.23,0.13,33.98,28.27,0.224,3,padded
frog_043,Frog,train,audio_cache/wild_animals/Animal-Soundprepros/Frog/frog50.wav,0.0,1.0,16000,mono,-22.08,-3.16,33.98,23.42,0.204,2,padded
frog_044,Frog,train,audio_cache/wild_animals/Animal-Soundprepros/Frog/frog07.wav,2.389,1.0,16000,mono,-15.69,-1.05,33.98,29.81,0.602,3,
frog_045,Frog,train,audio_cache/wild_animals/Animal-Soundprepros/Frog/frog08.wav,1.569,1.0,16000,mono,-17.21,-0.82,24.62,28.29,0.724,3,
frog_046,Frog,train,audio_cache/wild_animals/Animal-Soundprepros/Frog/frog09.wav,0.154,1.0,16000,mono,-27.95,-9.04,23.55,17.55,0.286,2,
frog_047,Frog,train,audio_cache/wild_animals/Animal-Soundprepros/Frog/frog10.wav,1.228,1.0,16000,mono,-21.56,-5.66,9.88,23.94,0.082,2,
frog_048,Frog,train,audio_cache/wild_animals/Animal-Soundprepros/Frog/frog12.wav,1.337,1.0,16000,mono,-27.86,-8.1,33.98,17.64,0.408,2,
frog_049,Frog,test,audio_cache/wild_animals/Animal-Soundprepros/Frog/frog17.wav,2.569,1.0,16000,mono,-19.4,0.6,29.01,26.1,0.459,3,
bg_000,background,test,audio_cache/ambient_captures/capture_20260408_035756_Eco10.raw,12.0,1.0,16000,ch2,-14.4,-0.01,27.79,31.1,0.531,3,
bg_001,background,train,audio_cache/ambient_captures/capture_20260408_035756_Eco10.raw,42.885,1.0,16000,ch2,-36.33,-21.24,7.34,9.17,0.0,1,
bg_002,background,train,audio_cache/ambient_captures/capture_20260408_035756_Eco10.raw,73.77,1.0,16000,ch2,-44.59,-33.08,6.64,0.91,0.0,1,
bg_003,background,train,audio_cache/ambient_captures/capture_20260408_035756_Eco10.raw,104.656,1.0,16000,ch2,-36.16,-26.62,4.26,9.34,0.0,1,
bg_004,background,train,audio_cache/ambient_captures/capture_20260408_035756_Eco10.raw,135.541,1.0,16000,ch2,-44.35,-30.73,7.93,1.15,0.02,1,
bg_005,background,test,audio_cache/ambient_captures/capture_20260408_035756_Eco10.raw,166.426,1.0,16000,ch2,-49.95,-39.16,4.75,-4.45,0.0,1,near-silent
bg_006,background,train,audio_cache/ambient_captures/capture_20260408_035756_Eco10.raw,197.311,1.0,16000,ch2,-46.29,-33.87,6.83,-0.79,0.0,1,near-silent
bg_007,background,train,audio_cache/ambient_captures/capture_20260408_035756_Eco10.raw,228.196,1.0,16000,ch2,-49.33,-39.48,5.05,-3.83,0.0,1,near-silent
bg_008,background,train,audio_cache/ambient_captures/capture_20260408_035756_Eco10.raw,259.082,1.0,16000,ch2,-48.75,-36.47,5.21,-3.25,0.0,1,near-silent
bg_009,background,train,audio_cache/ambient_captures/capture_20260408_035756_Eco10.raw,289.967,1.0,16000,ch2,-41.7,-30.86,7.54,3.8,0.0,1,
bg_010,background,test,audio_cache/ambient_captures/capture_20260408_035756_Eco10.raw,320.852,1.0,16000,ch2,-39.7,-29.87,3.58,5.8,0.0,1,
bg_011,background,train,audio_cache/ambient_captures/capture_20260408_035756_Eco10.raw,351.737,1.0,16000,ch2,-41.89,-31.72,4.71,3.61,0.0,1,
bg_012,background,train,audio_cache/ambient_captures/capture_20260408_035756_Eco10.raw,382.622,1.0,16000,ch2,-40.37,-29.69,2.93,5.13,0.0,1,
bg_013,background,train,audio_cache/ambient_captures/capture_20260408_035756_Eco10.raw,413.508,1.0,16000,ch2,-47.37,-32.85,7.38,-1.87,0.0,1,near-silent
bg_014,background,train,audio_cache/ambient_captures/capture_20260408_035756_Eco10.raw,444.393,1.0,16000,ch2,-46.5,-36.68,5.51,-1.0,0.0,1,near-silent
bg_015,background,test,audio_cache/ambient_captures/capture_20260408_035756_Eco10.raw,475.278,1.0,16000,ch2,-42.99,-32.0,4.14,2.51,0.0,1,
bg_016,background,train,audio_cache/ambient_captures/capture_20260408_035756_Eco10.raw,506.163,1.0,16000,ch2,-44.57,-34.09,5.24,0.93,0.0,1,
bg_017,background,train,audio_cache/ambient_captures/capture_20260408_035756_Eco10.raw,537.048,1.0,16000,ch2,-50.61,-38.58,5.11,-5.11,0.0,1,near-silent
bg_018,background,train,audio_cache/ambient_captures/capture_20260408_035756_Eco10.raw,567.934,1.0,16000,ch2,-44.11,-31.27,4.87,1.39,0.0,1,
bg_019,background,train,audio_cache/ambient_captures/capture_20260408_035756_Eco10.raw,598.819,1.0,16000,ch2,-47.12,-36.52,6.7,-1.62,0.0,1,near-silent
bg_020,background,test,audio_cache/ambient_captures/capture_20260408_035756_Eco10.raw,629.704,1.0,16000,ch2,-47.96,-36.92,6.82,-2.46,0.0,1,near-silent
bg_021,background,train,audio_cache/ambient_captures/capture_20260408_035756_Eco10.raw,660.589,1.0,16000,ch2,-48.48,-37.46,5.72,-2.98,0.0,1,near-silent
bg_022,background,train,audio_cache/ambient_captures/capture_20260408_035756_Eco10.raw,691.474,1.0,16000,ch2,-41.22,-29.32,5.69,4.28,0.0,1,
bg_023,background,train,audio_cache/ambient_captures/capture_20260408_035756_Eco10.raw,722.36,1.0,16000,ch2,-39.19,-28.65,4.33,6.31,0.0,1,
bg_024,background,train,audio_cache/ambient_captures/capture_20260408_035756_Eco10.raw,753.245,1.0,16000,ch2,-42.43,-31.34,5.26,3.07,0.0,1,
bg_025,background,test,audio_cache/ambient_captures/capture_20260408_035756_Eco10.raw,784.13,1.0,16000,ch2,-44.56,-34.06,5.55,0.94,0.0,1,
bg_026,background,train,audio_cache/ambient_captures/capture_20260408_035756_Eco10.raw,815.015,1.0,16000,ch2,-45.09,-34.94,6.01,0.41,0.0,1,near-silent
bg_027,background,train,audio_cache/ambient_captures/capture_20260408_035756_Eco10.raw,845.9,1.0,16000,ch2,-51.3,-40.74,6.45,-5.8,0.0,1,near-silent
bg_028,background,train,audio_cache/ambient_captures/capture_20260408_035756_Eco10.raw,876.786,1.0,16000,ch2,-44.53,-33.81,6.12,0.97,0.0,1,
bg_029,background,train,audio_cache/ambient_captures/capture_20260408_035756_Eco10.raw,907.671,1.0,16000,ch2,-34.78,-22.74,3.46,10.72,0.0,1,
bg_030,background,test,audio_cache/ambient_captures/capture_20260408_035756_Eco10.raw,938.556,1.0,16000,ch2,-46.54,-35.91,5.82,-1.04,0.0,1,near-silent
bg_031,background,train,audio_cache/ambient_captures/capture_20260408_035756_Eco10.raw,969.441,1.0,16000,ch2,-44.81,-33.38,5.31,0.69,0.0,1,
bg_032,background,train,audio_cache/ambient_captures/capture_20260408_035756_Eco10.raw,1000.326,1.0,16000,ch2,-45.42,-32.57,7.34,0.08,0.0,1,near-silent
bg_033,background,train,audio_cache/ambient_captures/capture_20260408_035756_Eco10.raw,1031.212,1.0,16000,ch2,-47.86,-38.16,4.99,-2.36,0.0,1,near-silent
bg_034,background,train,audio_cache/ambient_captures/capture_20260408_035756_Eco10.raw,1062.097,1.0,16000,ch2,-50.18,-39.33,5.53,-4.68,0.0,1,near-silent
bg_035,background,test,audio_cache/ambient_captures/capture_20260408_035756_Eco10.raw,1092.982,1.0,16000,ch2,-41.31,-30.98,5.84,4.19,0.0,1,
bg_036,background,train,audio_cache/ambient_captures/capture_20260408_035756_Eco10.raw,1123.867,1.0,16000,ch2,-49.97,-39.43,4.54,-4.47,0.0,1,near-silent
bg_037,background,train,audio_cache/ambient_captures/capture_20260408_035756_Eco10.raw,1154.752,1.0,16000,ch2,-48.56,-37.36,7.17,-3.06,0.0,1,near-silent
bg_038,background,train,audio_cache/ambient_captures/capture_20260408_035756_Eco10.raw,1185.638,1.0,16000,ch2,-45.33,-33.39,7.71,0.17,0.0,1,near-silent
bg_039,background,train,audio_cache/ambient_captures/capture_20260408_035756_Eco10.raw,1216.523,1.0,16000,ch2,-41.34,-30.43,7.98,4.16,0.0,1,
bg_040,background,test,audio_cache/ambient_captures/capture_20260408_035756_Eco10.raw,1247.408,1.0,16000,ch2,-41.0,-29.95,7.06,4.5,0.0,1,
bg_041,background,train,audio_cache/ambient_captures/capture_20260408_035756_Eco10.raw,1278.293,1.0,16000,ch2,-45.69,-33.46,6.07,-0.19,0.0,1,near-silent
bg_042,background,train,audio_cache/ambient_captures/capture_20260408_035756_Eco10.raw,1309.179,1.0,16000,ch2,-48.67,-37.95,5.03,-3.17,0.0,1,near-silent
bg_043,background,train,audio_cache/ambient_captures/capture_20260408_035756_Eco10.raw,1340.064,1.0,16000,ch2,-45.44,-34.12,6.58,0.06,0.0,1,near-silent
bg_044,background,train,audio_cache/ambient_captures/capture_20260408_035756_Eco10.raw,1370.949,1.0,16000,ch2,-47.65,-37.93,5.84,-2.15,0.0,1,near-silent
bg_045,background,test,audio_cache/ambient_captures/capture_20260408_035756_Eco10.raw,1401.834,1.0,16000,ch2,-45.27,-33.39,6.33,0.23,0.0,1,near-silent
bg_046,background,train,audio_cache/ambient_captures/capture_20260408_035756_Eco10.raw,1432.719,1.0,16000,ch2,-47.65,-35.89,5.29,-2.15,0.0,1,near-silent
bg_047,background,train,audio_cache/ambient_captures/capture_20260408_035756_Eco10.raw,1463.605,1.0,16000,ch2,-45.5,-34.89,7.8,0.0,0.0,1,near-silent
bg_048,background,train,audio_cache/ambient_captures/capture_20260408_035756_Eco10.raw,1494.49,1.0,16000,ch2,-45.19,-32.27,5.53,0.31,0.0,1,near-silent
bg_049,background,train,audio_cache/ambient_captures/capture_20260408_035756_Eco10.raw,1525.375,1.0,16000,ch2,-46.74,-35.36,5.76,-1.24,0.0,1,near-silent
bg_050,background,test,audio_cache/ambient_captures/capture_20260330_145737.raw,12.0,1.0,16000,ch2,-14.4,-0.01,27.79,31.1,0.531,3,
bg_051,background,train,audio_cache/ambient_captures/capture_20260330_145737.raw,42.885,1.0,16000,ch2,-36.33,-21.24,7.34,9.17,0.0,1,
bg_052,background,train,audio_cache/ambient_captures/capture_20260330_145737.raw,73.77,1.0,16000,ch2,-44.59,-33.08,6.64,0.91,0.0,1,
bg_053,background,train,audio_cache/ambient_captures/capture_20260330_145737.raw,104.656,1.0,16000,ch2,-36.16,-26.62,4.26,9.34,0.0,1,
bg_054,background,train,audio_cache/ambient_captures/capture_20260330_145737.raw,135.541,1.0,16000,ch2,-44.35,-30.73,7.93,1.15,0.02,1,
bg_055,background,test,audio_cache/ambient_captures/capture_20260330_145737.raw,166.426,1.0,16000,ch2,-49.95,-39.16,4.75,-4.45,0.0,1,near-silent
bg_056,background,train,audio_cache/ambient_captures/capture_20260330_145737.raw,197.311,1.0,16000,ch2,-46.29,-33.87,6.83,-0.79,0.0,1,near-silent
bg_057,background,train,audio_cache/ambient_captures/capture_20260330_145737.raw,228.196,1.0,16000,ch2,-49.33,-39.48,5.05,-3.83,0.0,1,near-silent
bg_058,background,train,audio_cache/ambient_captures/capture_20260330_145737.raw,259.082,1.0,16000,ch2,-48.75,-36.47,5.21,-3.25,0.0,1,near-silent
bg_059,background,train,audio_cache/ambient_captures/capture_20260330_145737.raw,289.967,1.0,16000,ch2,-41.7,-30.86,7.54,3.8,0.0,1,
bg_060,background,test,audio_cache/ambient_captures/capture_20260330_145737.raw,320.852,1.0,16000,ch2,-39.7,-29.87,3.58,5.8,0.0,1,
bg_061,background,train,audio_cache/ambient_captures/capture_20260330_145737.raw,351.737,1.0,16000,ch2,-41.89,-31.72,4.71,3.61,0.0,1,
bg_062,background,train,audio_cache/ambient_captures/capture_20260330_145737.raw,382.622,1.0,16000,ch2,-40.37,-29.69,2.93,5.13,0.0,1,
bg_063,background,train,audio_cache/ambient_captures/capture_20260330_145737.raw,413.508,1.0,16000,ch2,-47.37,-32.85,7.38,-1.87,0.0,1,near-silent
bg_064,background,train,audio_cache/ambient_captures/capture_20260330_145737.raw,444.393,1.0,16000,ch2,-46.5,-36.68,5.51,-1.0,0.0,1,near-silent
bg_065,background,test,audio_cache/ambient_captures/capture_20260330_145737.raw,475.278,1.0,16000,ch2,-42.99,-32.0,4.14,2.51,0.0,1,
bg_066,background,train,audio_cache/ambient_captures/capture_20260330_145737.raw,506.163,1.0,16000,ch2,-44.57,-34.09,5.24,0.93,0.0,1,
bg_067,background,train,audio_cache/ambient_captures/capture_20260330_145737.raw,537.048,1.0,16000,ch2,-50.61,-38.58,5.11,-5.11,0.0,1,near-silent
bg_068,background,train,audio_cache/ambient_captures/capture_20260330_145737.raw,567.934,1.0,16000,ch2,-44.11,-31.27,4.87,1.39,0.0,1,
bg_069,background,train,audio_cache/ambient_captures/capture_20260330_145737.raw,598.819,1.0,16000,ch2,-47.12,-36.52,6.7,-1.62,0.0,1,near-silent
bg_070,background,test,audio_cache/ambient_captures/capture_20260330_145737.raw,629.704,1.0,16000,ch2,-47.96,-36.92,6.82,-2.46,0.0,1,near-silent
bg_071,background,train,audio_cache/ambient_captures/capture_20260330_145737.raw,660.589,1.0,16000,ch2,-48.48,-37.46,5.72,-2.98,0.0,1,near-silent
bg_072,background,train,audio_cache/ambient_captures/capture_20260330_145737.raw,691.474,1.0,16000,ch2,-41.22,-29.32,5.69,4.28,0.0,1,
bg_073,background,train,audio_cache/ambient_captures/capture_20260330_145737.raw,722.36,1.0,16000,ch2,-39.19,-28.65,4.33,6.31,0.0,1,
bg_074,background,train,audio_cache/ambient_captures/capture_20260330_145737.raw,753.245,1.0,16000,ch2,-42.43,-31.34,5.26,3.07,0.0,1,
bg_075,background,test,audio_cache/ambient_captures/capture_20260330_145737.raw,784.13,1.0,16000,ch2,-44.56,-34.06,5.55,0.94,0.0,1,
bg_076,background,train,audio_cache/ambient_captures/capture_20260330_145737.raw,815.015,1.0,16000,ch2,-45.09,-34.94,6.01,0.41,0.0,1,near-silent
bg_077,background,train,audio_cache/ambient_captures/capture_20260330_145737.raw,845.9,1.0,16000,ch2,-51.3,-40.74,6.45,-5.8,0.0,1,near-silent
bg_078,background,train,audio_cache/ambient_captures/capture_20260330_145737.raw,876.786,1.0,16000,ch2,-44.53,-33.81,6.12,0.97,0.0,1,
bg_079,background,train,audio_cache/ambient_captures/capture_20260330_145737.raw,907.671,1.0,16000,ch2,-34.78,-22.74,3.46,10.72,0.0,1,
bg_080,background,test,audio_cache/ambient_captures/capture_20260330_145737.raw,938.556,1.0,16000,ch2,-46.54,-35.91,5.82,-1.04,0.0,1,near-silent
bg_081,background,train,audio_cache/ambient_captures/capture_20260330_145737.raw,969.441,1.0,16000,ch2,-44.81,-33.38,5.31,0.69,0.0,1,
bg_082,background,train,audio_cache/ambient_captures/capture_20260330_145737.raw,1000.326,1.0,16000,ch2,-45.42,-32.57,7.34,0.08,0.0,1,near-silent
bg_083,background,train,audio_cache/ambient_captures/capture_20260330_145737.raw,1031.212,1.0,16000,ch2,-47.86,-38.16,4.99,-2.36,0.0,1,near-silent
bg_084,background,train,audio_cache/ambient_captures/capture_20260330_145737.raw,1062.097,1.0,16000,ch2,-50.18,-39.33,5.53,-4.68,0.0,1,near-silent
bg_085,background,test,audio_cache/ambient_captures/capture_20260330_145737.raw,1092.982,1.0,16000,ch2,-41.31,-30.98,5.84,4.19,0.0,1,
bg_086,background,train,audio_cache/ambient_captures/capture_20260330_145737.raw,1123.867,1.0,16000,ch2,-49.97,-39.43,4.54,-4.47,0.0,1,near-silent
bg_087,background,train,audio_cache/ambient_captures/capture_20260330_145737.raw,1154.752,1.0,16000,ch2,-48.56,-37.36,7.17,-3.06,0.0,1,near-silent
bg_088,background,train,audio_cache/ambient_captures/capture_20260330_145737.raw,1185.638,1.0,16000,ch2,-45.33,-33.39,7.71,0.17,0.0,1,near-silent
bg_089,background,train,audio_cache/ambient_captures/capture_20260330_145737.raw,1216.523,1.0,16000,ch2,-41.34,-30.43,7.98,4.16,0.0,1,
bg_090,background,test,audio_cache/ambient_captures/capture_20260330_145737.raw,1247.408,1.0,16000,ch2,-41.0,-29.95,7.06,4.5,0.0,1,
bg_091,background,train,audio_cache/ambient_captures/capture_20260330_145737.raw,1278.293,1.0,16000,ch2,-45.69,-33.46,6.07,-0.19,0.0,1,near-silent
bg_092,background,train,audio_cache/ambient_captures/capture_20260330_145737.raw,1309.179,1.0,16000,ch2,-48.67,-37.95,5.03,-3.17,0.0,1,near-silent
bg_093,background,train,audio_cache/ambient_captures/capture_20260330_145737.raw,1340.064,1.0,16000,ch2,-45.44,-34.12,6.58,0.06,0.0,1,near-silent
bg_094,background,train,audio_cache/ambient_captures/capture_20260330_145737.raw,1370.949,1.0,16000,ch2,-47.65,-37.93,5.84,-2.15,0.0,1,near-silent
bg_095,background,test,audio_cache/ambient_captures/capture_20260330_145737.raw,1401.834,1.0,16000,ch2,-45.27,-33.39,6.33,0.23,0.0,1,near-silent
bg_096,background,train,audio_cache/ambient_captures/capture_20260330_145737.raw,1432.719,1.0,16000,ch2,-47.65,-35.89,5.29,-2.15,0.0,1,near-silent
bg_097,background,train,audio_cache/ambient_captures/capture_20260330_145737.raw,1463.605,1.0,16000,ch2,-45.5,-34.89,7.8,0.0,0.0,1,near-silent
bg_098,background,train,audio_cache/ambient_captures/capture_20260330_145737.raw,1494.49,1.0,16000,ch2,-45.19,-32.27,5.53,0.31,0.0,1,near-silent
bg_099,background,train,audio_cache/ambient_captures/capture_20260330_145737.raw,1525.375,1.0,16000,ch2,-46.74,-35.36,5.76,-1.24,0.0,1,near-silent
bg_100,background,test,audio_cache/ambient_captures/capture_20260330_155534.raw,12.0,1.0,16000,ch2,-14.4,-0.01,27.79,31.1,0.531,3,
bg_101,background,train,audio_cache/ambient_captures/capture_20260330_155534.raw,42.885,1.0,16000,ch2,-36.33,-21.24,7.34,9.17,0.0,1,
bg_102,background,train,audio_cache/ambient_captures/capture_20260330_155534.raw,73.77,1.0,16000,ch2,-44.59,-33.08,6.64,0.91,0.0,1,
bg_103,background,train,audio_cache/ambient_captures/capture_20260330_155534.raw,104.656,1.0,16000,ch2,-36.16,-26.62,4.26,9.34,0.0,1,
bg_104,background,train,audio_cache/ambient_captures/capture_20260330_155534.raw,135.541,1.0,16000,ch2,-44.35,-30.73,7.93,1.15,0.02,1,
bg_105,background,test,audio_cache/ambient_captures/capture_20260330_155534.raw,166.426,1.0,16000,ch2,-49.95,-39.16,4.75,-4.45,0.0,1,near-silent
bg_106,background,train,audio_cache/ambient_captures/capture_20260330_155534.raw,197.311,1.0,16000,ch2,-46.29,-33.87,6.83,-0.79,0.0,1,near-silent
bg_107,background,train,audio_cache/ambient_captures/capture_20260330_155534.raw,228.196,1.0,16000,ch2,-49.33,-39.48,5.05,-3.83,0.0,1,near-silent
bg_108,background,train,audio_cache/ambient_captures/capture_20260330_155534.raw,259.082,1.0,16000,ch2,-48.75,-36.47,5.21,-3.25,0.0,1,near-silent
bg_109,background,train,audio_cache/ambient_captures/capture_20260330_155534.raw,289.967,1.0,16000,ch2,-41.7,-30.86,7.54,3.8,0.0,1,
bg_110,background,test,audio_cache/ambient_captures/capture_20260330_155534.raw,320.852,1.0,16000,ch2,-39.7,-29.87,3.58,5.8,0.0,1,
bg_111,background,train,audio_cache/ambient_captures/capture_20260330_155534.raw,351.737,1.0,16000,ch2,-41.89,-31.72,4.71,3.61,0.0,1,
bg_112,background,train,audio_cache/ambient_captures/capture_20260330_155534.raw,382.622,1.0,16000,ch2,-40.37,-29.69,2.93,5.13,0.0,1,
bg_113,background,train,audio_cache/ambient_captures/capture_20260330_155534.raw,413.508,1.0,16000,ch2,-47.37,-32.85,7.38,-1.87,0.0,1,near-silent
bg_114,background,train,audio_cache/ambient_captures/capture_20260330_155534.raw,444.393,1.0,16000,ch2,-46.5,-36.68,5.51,-1.0,0.0,1,near-silent
bg_115,background,test,audio_cache/ambient_captures/capture_20260330_155534.raw,475.278,1.0,16000,ch2,-42.99,-32.0,4.14,2.51,0.0,1,
bg_116,background,train,audio_cache/ambient_captures/capture_20260330_155534.raw,506.163,1.0,16000,ch2,-44.57,-34.09,5.24,0.93,0.0,1,
bg_117,background,train,audio_cache/ambient_captures/capture_20260330_155534.raw,537.048,1.0,16000,ch2,-50.61,-38.58,5.11,-5.11,0.0,1,near-silent
bg_118,background,train,audio_cache/ambient_captures/capture_20260330_155534.raw,567.934,1.0,16000,ch2,-44.11,-31.27,4.87,1.39,0.0,1,
bg_119,background,train,audio_cache/ambient_captures/capture_20260330_155534.raw,598.819,1.0,16000,ch2,-47.12,-36.52,6.7,-1.62,0.0,1,near-silent
bg_120,background,test,audio_cache/ambient_captures/capture_20260330_155534.raw,629.704,1.0,16000,ch2,-47.96,-36.92,6.82,-2.46,0.0,1,near-silent
bg_121,background,train,audio_cache/ambient_captures/capture_20260330_155534.raw,660.589,1.0,16000,ch2,-48.48,-37.46,5.72,-2.98,0.0,1,near-silent
bg_122,background,train,audio_cache/ambient_captures/capture_20260330_155534.raw,691.474,1.0,16000,ch2,-41.22,-29.32,5.69,4.28,0.0,1,
bg_123,background,train,audio_cache/ambient_captures/capture_20260330_155534.raw,722.36,1.0,16000,ch2,-39.19,-28.65,4.33,6.31,0.0,1,
bg_124,background,train,audio_cache/ambient_captures/capture_20260330_155534.raw,753.245,1.0,16000,ch2,-42.43,-31.34,5.26,3.07,0.0,1,
bg_125,background,test,audio_cache/ambient_captures/capture_20260330_155534.raw,784.13,1.0,16000,ch2,-44.56,-34.06,5.55,0.94,0.0,1,
bg_126,background,train,audio_cache/ambient_captures/capture_20260330_155534.raw,815.015,1.0,16000,ch2,-45.09,-34.94,6.01,0.41,0.0,1,near-silent
bg_127,background,train,audio_cache/ambient_captures/capture_20260330_155534.raw,845.9,1.0,16000,ch2,-51.3,-40.74,6.45,-5.8,0.0,1,near-silent
bg_128,background,train,audio_cache/ambient_captures/capture_20260330_155534.raw,876.786,1.0,16000,ch2,-44.53,-33.81,6.12,0.97,0.0,1,
bg_129,background,train,audio_cache/ambient_captures/capture_20260330_155534.raw,907.671,1.0,16000,ch2,-34.78,-22.74,3.46,10.72,0.0,1,
bg_130,background,test,audio_cache/ambient_captures/capture_20260330_155534.raw,938.556,1.0,16000,ch2,-46.54,-35.91,5.82,-1.04,0.0,1,near-silent
bg_131,background,train,audio_cache/ambient_captures/capture_20260330_155534.raw,969.441,1.0,16000,ch2,-44.81,-33.38,5.31,0.69,0.0,1,
bg_132,background,train,audio_cache/ambient_captures/capture_20260330_155534.raw,1000.326,1.0,16000,ch2,-45.42,-32.57,7.34,0.08,0.0,1,near-silent
bg_133,background,train,audio_cache/ambient_captures/capture_20260330_155534.raw,1031.212,1.0,16000,ch2,-47.86,-38.16,4.99,-2.36,0.0,1,near-silent
bg_134,background,train,audio_cache/ambient_captures/capture_20260330_155534.raw,1062.097,1.0,16000,ch2,-50.18,-39.33,5.53,-4.68,0.0,1,near-silent
bg_135,background,test,audio_cache/ambient_captures/capture_20260330_155534.raw,1092.982,1.0,16000,ch2,-41.31,-30.98,5.84,4.19,0.0,1,
bg_136,background,train,audio_cache/ambient_captures/capture_20260330_155534.raw,1123.867,1.0,16000,ch2,-49.97,-39.43,4.54,-4.47,0.0,1,near-silent
bg_137,background,train,audio_cache/ambient_captures/capture_20260330_155534.raw,1154.752,1.0,16000,ch2,-48.56,-37.36,7.17,-3.06,0.0,1,near-silent
bg_138,background,train,audio_cache/ambient_captures/capture_20260330_155534.raw,1185.638,1.0,16000,ch2,-45.33,-33.39,7.71,0.17,0.0,1,near-silent
bg_139,background,train,audio_cache/ambient_captures/capture_20260330_155534.raw,1216.523,1.0,16000,ch2,-41.34,-30.43,7.98,4.16,0.0,1,
bg_140,background,test,audio_cache/ambient_captures/capture_20260330_155534.raw,1247.408,1.0,16000,ch2,-41.0,-29.95,7.06,4.5,0.0,1,
bg_141,background,train,audio_cache/ambient_captures/capture_20260330_155534.raw,1278.293,1.0,16000,ch2,-45.69,-33.46,6.07,-0.19,0.0,1,near-silent
bg_142,background,train,audio_cache/ambient_captures/capture_20260330_155534.raw,1309.179,1.0,16000,ch2,-48.67,-37.95,5.03,-3.17,0.0,1,near-silent
bg_143,background,train,audio_cache/ambient_captures/capture_20260330_155534.raw,1340.064,1.0,16000,ch2,-45.44,-34.12,6.58,0.06,0.0,1,near-silent
bg_144,background,train,audio_cache/ambient_captures/capture_20260330_155534.raw,1370.949,1.0,16000,ch2,-47.65,-37.93,5.84,-2.15,0.0,1,near-silent
bg_145,background,test,audio_cache/ambient_captures/capture_20260330_155534.raw,1401.834,1.0,16000,ch2,-45.27,-33.39,6.33,0.23,0.0,1,near-silent
bg_146,background,train,audio_cache/ambient_captures/capture_20260330_155534.raw,1432.719,1.0,16000,ch2,-47.65,-35.89,5.29,-2.15,0.0,1,near-silent
bg_147,background,train,audio_cache/ambient_captures/capture_20260330_155534.raw,1463.605,1.0,16000,ch2,-45.5,-34.89,7.8,0.0,0.0,1,near-silent
bg_148,background,train,audio_cache/ambient_captures/capture_20260330_155534.raw,1494.49,1.0,16000,ch2,-45.19,-32.27,5.53,0.31,0.0,1,near-silent
bg_149,background,train,audio_cache/ambient_captures/capture_20260330_155534.raw,1525.375,1.0,16000,ch2,-46.74,-35.36,5.76,-1.24,0.0,1,near-silent
bg_150,background,test,audio_cache/ambient_captures/capture_20260317_050000_Eco_Park.raw,12.0,1.0,16000,ch2,-42.8,-31.94,4.55,2.7,0.0,1,
bg_151,background,train,audio_cache/ambient_captures/capture_20260317_050000_Eco_Park.raw,23.959,1.0,16000,ch2,-42.26,-31.05,6.27,3.24,0.0,1,
bg_152,background,train,audio_cache/ambient_captures/capture_20260317_050000_Eco_Park.raw,35.918,1.0,16000,ch2,-43.42,-32.58,5.73,2.08,0.0,1,
bg_153,background,train,audio_cache/ambient_captures/capture_20260317_050000_Eco_Park.raw,47.878,1.0,16000,ch2,-42.61,-30.65,4.7,2.89,0.0,1,
bg_154,background,train,audio_cache/ambient_captures/capture_20260317_050000_Eco_Park.raw,59.837,1.0,16000,ch2,-42.25,-30.82,4.18,3.25,0.0,1,
bg_155,background,test,audio_cache/ambient_captures/capture_20260317_050000_Eco_Park.raw,71.796,1.0,16000,ch2,-46.46,-35.97,5.14,-0.96,0.0,1,near-silent
bg_156,background,train,audio_cache/ambient_captures/capture_20260317_050000_Eco_Park.raw,83.755,1.0,16000,ch2,-47.48,-36.26,4.58,-1.98,0.0,1,near-silent
bg_157,background,train,audio_cache/ambient_captures/capture_20260317_050000_Eco_Park.raw,95.714,1.0,16000,ch2,-47.44,-36.23,5.16,-1.94,0.0,1,near-silent
bg_158,background,train,audio_cache/ambient_captures/capture_20260317_050000_Eco_Park.raw,107.673,1.0,16000,ch2,-44.23,-27.41,9.92,1.27,0.102,1,
bg_159,background,train,audio_cache/ambient_captures/capture_20260317_050000_Eco_Park.raw,119.633,1.0,16000,ch2,-50.1,-39.21,7.16,-4.6,0.0,1,near-silent
bg_160,background,test,audio_cache/ambient_captures/capture_20260317_050000_Eco_Park.raw,131.592,1.0,16000,ch2,-37.76,-26.08,4.66,7.74,0.0,1,
bg_161,background,train,audio_cache/ambient_captures/capture_20260317_050000_Eco_Park.raw,143.551,1.0,16000,ch2,-53.21,-43.07,5.53,-7.71,0.0,1,near-silent
bg_162,background,train,audio_cache/ambient_captures/capture_20260317_050000_Eco_Park.raw,155.51,1.0,16000,ch2,-53.02,-43.15,6.22,-7.52,0.0,1,near-silent
bg_163,background,train,audio_cache/ambient_captures/capture_20260317_050000_Eco_Park.raw,167.469,1.0,16000,ch2,-48.22,-37.82,7.06,-2.72,0.0,1,near-silent
bg_164,background,train,audio_cache/ambient_captures/capture_20260317_050000_Eco_Park.raw,179.429,1.0,16000,ch2,-51.0,-39.09,5.96,-5.5,0.0,1,near-silent
bg_165,background,test,audio_cache/ambient_captures/capture_20260317_050000_Eco_Park.raw,191.388,1.0,16000,ch2,-43.99,-31.01,5.24,1.51,0.0,1,
bg_166,background,train,audio_cache/ambient_captures/capture_20260317_050000_Eco_Park.raw,203.347,1.0,16000,ch2,-50.22,-38.76,5.37,-4.72,0.0,1,near-silent
bg_167,background,train,audio_cache/ambient_captures/capture_20260317_050000_Eco_Park.raw,215.306,1.0,16000,ch2,-49.04,-39.21,6.33,-3.54,0.0,1,near-silent
bg_168,background,train,audio_cache/ambient_captures/capture_20260317_050000_Eco_Park.raw,227.265,1.0,16000,ch2,-46.33,-35.63,6.57,-0.83,0.0,1,near-silent
bg_169,background,train,audio_cache/ambient_captures/capture_20260317_050000_Eco_Park.raw,239.224,1.0,16000,ch2,-47.77,-37.86,6.57,-2.27,0.0,1,near-silent
bg_170,background,test,audio_cache/ambient_captures/capture_20260317_050000_Eco_Park.raw,251.184,1.0,16000,ch2,-46.7,-35.89,7.4,-1.2,0.0,1,near-silent
bg_171,background,train,audio_cache/ambient_captures/capture_20260317_050000_Eco_Park.raw,263.143,1.0,16000,ch2,-48.85,-37.56,5.13,-3.35,0.0,1,near-silent
bg_172,background,train,audio_cache/ambient_captures/capture_20260317_050000_Eco_Park.raw,275.102,1.0,16000,ch2,-33.96,-22.51,4.82,11.54,0.0,1,
bg_173,background,train,audio_cache/ambient_captures/capture_20260317_050000_Eco_Park.raw,287.061,1.0,16000,ch2,-48.68,-38.53,6.98,-3.18,0.0,1,near-silent
bg_174,background,train,audio_cache/ambient_captures/capture_20260317_050000_Eco_Park.raw,299.02,1.0,16000,ch2,-41.87,-32.08,6.53,3.63,0.0,1,
bg_175,background,test,audio_cache/ambient_captures/capture_20260317_050000_Eco_Park.raw,310.98,1.0,16000,ch2,-43.02,-32.89,6.69,2.48,0.0,1,
bg_176,background,train,audio_cache/ambient_captures/capture_20260317_050000_Eco_Park.raw,322.939,1.0,16000,ch2,-51.71,-40.26,6.53,-6.21,0.0,1,near-silent
bg_177,background,train,audio_cache/ambient_captures/capture_20260317_050000_Eco_Park.raw,334.898,1.0,16000,ch2,-48.81,-37.58,7.4,-3.31,0.0,1,near-silent
bg_178,background,train,audio_cache/ambient_captures/capture_20260317_050000_Eco_Park.raw,346.857,1.0,16000,ch2,-50.34,-38.78,6.72,-4.84,0.0,1,near-silent
bg_179,background,train,audio_cache/ambient_captures/capture_20260317_050000_Eco_Park.raw,358.816,1.0,16000,ch2,-52.13,-42.67,5.76,-6.63,0.0,1,near-silent
bg_180,background,test,audio_cache/ambient_captures/capture_20260317_050000_Eco_Park.raw,370.776,1.0,16000,ch2,-50.66,-39.86,6.3,-5.16,0.0,1,near-silent
bg_181,background,train,audio_cache/ambient_captures/capture_20260317_050000_Eco_Park.raw,382.735,1.0,16000,ch2,-45.15,-34.59,7.83,0.35,0.0,1,near-silent
bg_182,background,train,audio_cache/ambient_captures/capture_20260317_050000_Eco_Park.raw,394.694,1.0,16000,ch2,-42.16,-31.8,4.2,3.34,0.0,1,
bg_183,background,train,audio_cache/ambient_captures/capture_20260317_050000_Eco_Park.raw,406.653,1.0,16000,ch2,-46.98,-33.25,4.6,-1.48,0.0,1,near-silent
bg_184,background,train,audio_cache/ambient_captures/capture_20260317_050000_Eco_Park.raw,418.612,1.0,16000,ch2,-49.0,-38.01,6.03,-3.5,0.0,1,near-silent
bg_185,background,test,audio_cache/ambient_captures/capture_20260317_050000_Eco_Park.raw,430.571,1.0,16000,ch2,-47.24,-32.98,6.13,-1.74,0.0,1,near-silent
bg_186,background,train,audio_cache/ambient_captures/capture_20260317_050000_Eco_Park.raw,442.531,1.0,16000,ch2,-48.9,-36.94,5.8,-3.4,0.0,1,near-silent
bg_187,background,train,audio_cache/ambient_captures/capture_20260317_050000_Eco_Park.raw,454.49,1.0,16000,ch2,-52.04,-41.68,5.48,-6.54,0.0,1,near-silent
bg_188,background,train,audio_cache/ambient_captures/capture_20260317_050000_Eco_Park.raw,466.449,1.0,16000,ch2,-47.09,-36.47,6.14,-1.59,0.0,1,near-silent
bg_189,background,train,audio_cache/ambient_captures/capture_20260317_050000_Eco_Park.raw,478.408,1.0,16000,ch2,-44.68,-33.38,5.98,0.82,0.0,1,
bg_190,background,test,audio_cache/ambient_captures/capture_20260317_050000_Eco_Park.raw,490.367,1.0,16000,ch2,-45.82,-35.19,5.57,-0.32,0.0,1,near-silent
bg_191,background,train,audio_cache/ambient_captures/capture_20260317_050000_Eco_Park.raw,502.326,1.0,16000,ch2,-48.5,-36.47,4.84,-3.0,0.0,1,near-silent
bg_192,background,train,audio_cache/ambient_captures/capture_20260317_050000_Eco_Park.raw,514.286,1.0,16000,ch2,-49.61,-38.4,6.42,-4.11,0.0,1,near-silent
bg_193,background,train,audio_cache/ambient_captures/capture_20260317_050000_Eco_Park.raw,526.245,1.0,16000,ch2,-50.27,-38.71,4.73,-4.77,0.0,1,near-silent
bg_194,background,train,audio_cache/ambient_captures/capture_20260317_050000_Eco_Park.raw,538.204,1.0,16000,ch2,-47.61,-34.98,7.24,-2.11,0.02,1,near-silent
bg_195,background,test,audio_cache/ambient_captures/capture_20260317_050000_Eco_Park.raw,550.163,1.0,16000,ch2,-49.12,-37.82,5.6,-3.62,0.0,1,near-silent
bg_196,background,train,audio_cache/ambient_captures/capture_20260317_050000_Eco_Park.raw,562.122,1.0,16000,ch2,-45.71,-35.24,5.46,-0.21,0.0,1,near-silent
bg_197,background,train,audio_cache/ambient_captures/capture_20260317_050000_Eco_Park.raw,574.082,1.0,16000,ch2,-43.95,-33.14,5.99,1.55,0.0,1,
bg_198,background,train,audio_cache/ambient_captures/capture_20260317_050000_Eco_Park.raw,586.041,1.0,16000,ch2,-46.49,-35.65,4.95,-0.99,0.0,1,near-silent
bg_199,background,train,audio_cache/ambient_captures/capture_20260317_050000_Eco_Park.raw,598.0,1.0,16000,ch2,-51.7,-39.65,6.21,-6.2,0.0,1,near-silent
